model,fold,f1_yes,precision_yes,recall_yes,roc_auc,average_precision
Decision Tree,0,0.438685208596713,0.3382066276803119,0.6241007194244604,0.7642687491593593,0.42047144556422367
Decision Tree,1,0.42976266837716487,0.3343313373253493,0.6014362657091562,0.763706654602253,0.41630453371699994
Decision Tree,2,0.4492468893254748,0.35360824742268043,0.6157989228007181,0.7713548740443112,0.4073017155070424
Decision Tree,3,0.48754208754208755,0.3900862068965517,0.6499102333931778,0.8015052791606392,0.44486888753470943
Decision Tree,4,0.42290748898678415,0.32558139534883723,0.6032315978456014,0.7559038019616849,0.40612132723999783
KNN,0,0.36494597839135656,0.5487364620938628,0.2733812949640288,0.7398772500467478,0.38396802112238765
KNN,1,0.35145385587863465,0.594017094017094,0.2495511669658887,0.735061997301884,0.40420271999668805
KNN,2,0.34615384615384615,0.6053811659192825,0.24236983842010773,0.7422750779573655,0.3962594367211266
KNN,3,0.3405336721728081,0.5826086956521739,0.24057450628366248,0.766692782077133,0.4305366986754106
KNN,4,0.3656441717791411,0.5775193798449613,0.26750448833034113,0.7496925913282101,0.409925343621375
Linear SVM,0,0.4340694006309148,0.33430515063168126,0.6187050359712231,0.7823857876762885,0.4231911994207579
Linear SVM,1,0.4327485380116959,0.3391038696537678,0.5978456014362658,0.7714185989858523,0.41842594068937466
Linear SVM,2,0.4536357571714476,0.3609341825902335,0.6104129263913824,0.7820914596058456,0.4236141429353518
Linear SVM,3,0.4778645833333333,0.3748723186925434,0.6588868940754039,0.8038300828243284,0.46150183856910426
Linear SVM,4,0.4413085311096857,0.34331337325349304,0.6175942549371634,0.7821567481320114,0.4368189456200904
