mean_fit_time,std_fit_time,mean_score_time,std_score_time,param_model__class_weight,param_model__max_depth,param_model__min_samples_leaf,params,split0_test_f1_yes,split1_test_f1_yes,split2_test_f1_yes,split3_test_f1_yes,split4_test_f1_yes,mean_test_f1_yes,std_test_f1_yes,rank_test_f1_yes,split0_test_precision_yes,split1_test_precision_yes,split2_test_precision_yes,split3_test_precision_yes,split4_test_precision_yes,mean_test_precision_yes,std_test_precision_yes,rank_test_precision_yes,split0_test_recall_yes,split1_test_recall_yes,split2_test_recall_yes,split3_test_recall_yes,split4_test_recall_yes,mean_test_recall_yes,std_test_recall_yes,rank_test_recall_yes,split0_test_roc_auc,split1_test_roc_auc,split2_test_roc_auc,split3_test_roc_auc,split4_test_roc_auc,mean_test_roc_auc,std_test_roc_auc,rank_test_roc_auc,split0_test_average_precision,split1_test_average_precision,split2_test_average_precision,split3_test_average_precision,split4_test_average_precision,mean_test_average_precision,std_test_average_precision,rank_test_average_precision
0.15279603004455566,0.0024816249207294653,0.06254806518554687,0.002739968655995913,,4,20,"{'model__class_weight': None, 'model__max_depth': 4, 'model__min_samples_leaf': 20}",0.31977559607293127,0.32075471698113206,0.3002754820936639,0.3076923076923077,0.31843575418994413,0.3133867714059958,0.008061374004396509,11,0.7261146496815286,0.6432432432432432,0.6449704142011834,0.6195652173913043,0.7169811320754716,0.6701749313185462,0.042993020757628814,2,0.20503597122302158,0.21364452423698385,0.19569120287253142,0.20466786355475763,0.20466786355475763,0.20474148508841045,0.00567924777786636,11,0.7584320368602518,0.7473832573507285,0.7473765883122485,0.7748323578940991,0.7535925062689266,0.756323349337251,0.010143542204347928,12,0.39997137202373667,0.3844181636629268,0.3695950487713987,0.40384152327295003,0.3848456276760097,0.3885343470814044,0.012283011192311287,12
0.15880188941955567,0.003707040607766287,0.06339631080627442,0.003724313058773101,,4,80,"{'model__class_weight': None, 'model__max_depth': 4, 'model__min_samples_leaf': 80}",0.31608391608391606,0.3216216216216216,0.2804532577903683,0.3261455525606469,0.2947067238912732,0.30780221438956523,0.01740975561525148,12,0.710691823899371,0.6502732240437158,0.6644295302013423,0.654054054054054,0.7253521126760564,0.680960148974908,0.03096289908169973,1,0.20323741007194246,0.21364452423698385,0.17773788150807898,0.21723518850987433,0.18491921005385997,0.19935484287614794,0.015586254169453948,12,0.7560224734029466,0.7590005097351219,0.7554338883062723,0.7891383224409967,0.753747643268405,0.7626685674307485,0.013343137661972938,11,0.39503422537529237,0.3911932827531249,0.3825691636544407,0.4182639230391601,0.38381788513164516,0.39417569599073266,0.012898607540557416,9
0.19019770622253418,0.002991141064512711,0.06340007781982422,0.004417972788943238,,7,20,"{'model__class_weight': None, 'model__max_depth': 7, 'model__min_samples_leaf': 20}",0.3941958887545345,0.38202247191011235,0.4033214709371293,0.351875808538163,0.3924050632911392,0.38476414068621567,0.017781311622479562,7,0.6014760147601476,0.6270491803278688,0.5944055944055944,0.6296296296296297,0.6652360515021459,0.6235592941250772,0.02499435864012765,5,0.2931654676258993,0.2746858168761221,0.3052064631956912,0.24416517055655296,0.27827648114901254,0.2790998798806556,0.020591213195160954,7,0.7756229353042873,0.7775161774369536,0.7770693597467379,0.7961246040731853,0.7802455749115228,0.7813157302945374,0.007554126748784805,2,0.41409997040909047,0.42396179419359914,0.40511160828242304,0.4289259776166529,0.4258067345060534,0.4195812170015638,0.008771370661190209,6
0.18100481033325194,0.00428464050870876,0.0629990577697754,0.0012604669858169225,,7,80,"{'model__class_weight': None, 'model__max_depth': 7, 'model__min_samples_leaf': 80}",0.37641154328732745,0.3351063829787234,0.3464566929133858,0.3283983849259758,0.33967391304347827,0.34520938342977814,0.01667604438666688,10,0.6224066390041494,0.6461538461538462,0.6439024390243903,0.6559139784946236,0.6983240223463687,0.6533401850046756,0.025011072821239818,3,0.2697841726618705,0.22621184919210055,0.236983842010772,0.21903052064631956,0.2244165170556553,0.2352853803133436,0.0182084214799721,10,0.7883947288133927,0.7747640172040722,0.7863104491932466,0.8142357230980573,0.7777803702166433,0.7882970577050823,0.013932081081625127,1,0.4298279186481635,0.4219949978529014,0.42063192809881683,0.4474713277846353,0.41284515040884273,0.4265542645586719,0.01176470261339161,3
0.20758967399597167,0.007172848474781441,0.06380534172058105,0.0018286572534213052,,10,20,"{'model__class_weight': None, 'model__max_depth': 10, 'model__min_samples_leaf': 20}",0.407673860911271,0.37453183520599254,0.39667458432304037,0.34293193717277487,0.3835616438356164,0.381074772289739,0.022157328708569176,8,0.6115107913669064,0.6147540983606558,0.5859649122807018,0.6328502415458938,0.6260162601626016,0.6142192607433519,0.016076148205657628,6,0.3057553956834532,0.26929982046678635,0.2998204667863555,0.23518850987432674,0.2764811490125673,0.2773090683646978,0.025119440864434,8,0.7744150780606704,0.7665986337461028,0.7734365342312448,0.8014670065763353,0.7732087407214566,0.777825198667162,0.012142255335705756,6,0.4288207391370263,0.4176434505580891,0.4133906046170165,0.4304772820664904,0.41534013201519715,0.42113444167876385,0.0071006463233743745,5
0.20039720535278321,0.013731850146405093,0.06479840278625489,0.008080033537511785,,10,80,"{'model__class_weight': None, 'model__max_depth': 10, 'model__min_samples_leaf': 80}",0.37641154328732745,0.3432258064516129,0.33064516129032256,0.34974093264248707,0.3761348897535668,0.35523166668506334,0.01824454436447137,9,0.6224066390041494,0.6100917431192661,0.6577540106951871,0.627906976744186,0.677570093457944,0.6391458926041464,0.024792501742362135,4,0.2697841726618705,0.23877917414721722,0.22082585278276481,0.24236983842010773,0.26032315978456017,0.2464164395593041,0.017140762836573606,9,0.7765837261791114,0.7644200790601222,0.7796612528356507,0.7982357361966955,0.7720159459550175,0.7781833480453195,0.011263264934821828,5,0.43348443260676783,0.4271269278663502,0.42731418953388717,0.44682125034837605,0.42784100150314186,0.4325175603717047,0.007530399439637086,2
0.18240771293640137,0.01343450846439379,0.08059468269348144,0.008889626792291704,balanced,4,20,"{'model__class_weight': 'balanced', 'model__max_depth': 4, 'model__min_samples_leaf': 20}",0.4062326099053979,0.4599559147685525,0.4667143879742305,0.485273492286115,0.39552238805970147,0.4427397585987995,0.035334259224392116,2,0.29411764705882354,0.38930348258706465,0.3880952380952381,0.39815880322209435,0.2812736921910538,0.3501897726308549,0.05130544595620255,7,0.6564748201438849,0.5619389587073609,0.585278276481149,0.6211849192100538,0.6660682226211849,0.6181890394327267,0.04003593981103014,5,0.7764654213701543,0.7670180904790078,0.7618808744323582,0.7873865842107374,0.7754815591636847,0.7736465059311886,0.008746078340824996,9,0.39573015855294813,0.3770809665547159,0.37969624956580106,0.40299516814496106,0.40052380070889343,0.3912052687054639,0.010754206883141236,11
0.23679842948913574,0.03289435834006949,0.1054046630859375,0.027818365218849173,balanced,4,80,"{'model__class_weight': 'balanced', 'model__max_depth': 4, 'model__min_samples_leaf': 80}",0.4024594745667971,0.45714285714285713,0.41778818022235226,0.4391657010428737,0.3890675241157556,0.4211247474181271,0.02453556966103529,6,0.291970802919708,0.38613861386138615,0.3098958333333333,0.3242087254063302,0.2773109243697479,0.31790497997810113,0.037630230718797494,12,0.6474820143884892,0.5601436265709157,0.6409335727109515,0.6804308797127468,0.651705565529623,0.6361391317825452,0.040326262550138964,2,0.7745538863027226,0.7666289312553609,0.7729432886260428,0.7949807245348142,0.770559745755427,0.7759333152948734,0.00989033563160004,8,0.3938214670742661,0.37504517498234846,0.38751504602233333,0.4163384280161566,0.3930588382727906,0.39315579087357905,0.01339925072481239,10
0.22499842643737794,0.005691321442892885,0.08239130973815918,0.003821240578231308,balanced,7,20,"{'model__class_weight': 'balanced', 'model__max_depth': 7, 'model__min_samples_leaf': 20}",0.41933605125218404,0.4407200496585971,0.4424083769633508,0.44786729857819907,0.4107142857142857,0.43220921243332333,0.014487119262009374,5,0.31007751937984496,0.3368121442125237,0.34809474768280124,0.33421750663129973,0.3072128227960819,0.3272829481405103,0.01594278137345522,11,0.6474820143884892,0.6373429084380611,0.6068222621184919,0.6786355475763016,0.6193895870736086,0.6379344639189904,0.02473849399951182,1,0.7762933975664885,0.7760213638382851,0.7837197841016914,0.8001231681349421,0.7681231943322192,0.7808561815947253,0.010823496801979133,4,0.41435754580699147,0.4157520779311985,0.4061304868598022,0.4321240231047532,0.4203371618274561,0.4177402591060403,0.00853016993702052,8
0.18599743843078614,0.014887492094346321,0.06439876556396484,0.00803873906103471,balanced,7,80,"{'model__class_weight': 'balanced', 'model__max_depth': 7, 'model__min_samples_leaf': 80}",0.3993212669683258,0.4547945205479452,0.46579129232895644,0.43884892086330934,0.4453496266123557,0.44082112546417845,0.02265127004048302,3,0.29125412541254125,0.36766334440753046,0.37865168539325844,0.32943294329432943,0.35807860262008734,0.3450161402255494,0.03145811165073118,9,0.6348920863309353,0.5960502692998204,0.6050269299820467,0.6570915619389587,0.5888689407540395,0.6163859576611601,0.025687261311296547,6,0.7747693773845492,0.7705559388235969,0.7843319407843301,0.8013204655583581,0.7735486913232161,0.7809052827748101,0.011201779913605653,3,0.4270710460024152,0.4190713997573266,0.42382110255226724,0.4422549363538868,0.4191269912491415,0.42626909518300743,0.00854399647729912,4
0.19439663887023925,0.004540349100119165,0.05980095863342285,0.0007513478873872526,balanced,10,20,"{'model__class_weight': 'balanced', 'model__max_depth': 10, 'model__min_samples_leaf': 20}",0.438685208596713,0.42976266837716487,0.4492468893254748,0.48754208754208755,0.42290748898678415,0.4456288685656449,0.02274211868466759,1,0.3382066276803119,0.3343313373253493,0.35360824742268043,0.3900862068965517,0.32558139534883723,0.34836276293474616,0.022748096977856364,8,0.6241007194244604,0.6014362657091562,0.6157989228007181,0.6499102333931778,0.6032315978456014,0.6188955478346229,0.017599883407406404,4,0.7642687491593593,0.763706654602253,0.7713548740443112,0.8015052791606392,0.7559038019616849,0.7713478717856496,0.015852386183424185,10,0.42047144556422367,0.41630453371699994,0.4073017155070424,0.44486888753470943,0.40612132723999783,0.41901358191259463,0.014009562324429367,7
0.17979612350463867,0.0011723272929566042,0.06000828742980957,0.0011014954145841301,balanced,10,80,"{'model__class_weight': 'balanced', 'model__max_depth': 10, 'model__min_samples_leaf': 80}",0.41929720071471116,0.4303646144650329,0.44569993722536094,0.46797385620915033,0.4305732484076433,0.43878177140437974,0.016839927014484047,4,0.3134461264470169,0.3225806451612903,0.34266409266409265,0.36793422404933196,0.3336623889437315,0.3360574954530927,0.018753181010241718,10,0.6330935251798561,0.6463195691202872,0.6373429084380611,0.6427289048473968,0.6068222621184919,0.6332614339408186,0.013970428295555889,3,0.7715999566967493,0.7695626718308908,0.7842619449349613,0.7930648439911225,0.7693051417886682,0.7775589118484784,0.009517755042972866,7,0.4304248725545621,0.4289966718708333,0.43039819646020805,0.449663036418153,0.42617848795733715,0.4331322530522188,0.008408681870560685,1
