,count,mean,std,min,25%,50%,75%,max
age,24713.0,40.03532553716667,10.418186561664838,17.0,32.0,38.0,47.0,98.0
duration,24713.0,258.81366082628574,259.43591526364787,0.0,102.0,180.0,321.0,4918.0
campaign,24713.0,2.5570752235665437,2.7815536167235697,1.0,1.0,2.0,3.0,56.0
pdays,24713.0,962.4729494597985,186.92597100823383,0.0,999.0,999.0,999.0,999.0
previous,24713.0,0.17525189171691014,0.4979719332780868,0.0,0.0,0.0,0.0,7.0
emp.var.rate,24713.0,0.08921620199894789,1.5690020411782324,-3.4,-1.8,1.1,1.4,1.4
cons.price.idx,24713.0,93.57863488852023,0.5786704423445875,92.201,93.075,93.798,93.994,94.767
cons.conf.idx,24713.0,-40.49745882733784,4.62150097933269,-50.8,-42.7,-41.8,-36.4,-26.9
euribor3m,24713.0,3.62804378262453,1.7335130583807818,0.634,1.344,4.857,4.961,5.045
nr.employed,24713.0,5167.245745154372,72.22489976319652,4963.6,5099.1,5191.0,5228.1,5228.1
