feature,importance
nr.employed,0.609143854497988
cons.conf.idx,0.10573108575023858
euribor3m,0.07085538672822572
age,0.04509997538400787
month_oct,0.025121583006464065
log_prior_campaign_contacts,0.022133749159710437
cons.price.idx,0.019776749934573602
previously_contacted,0.019266442248024918
default_no,0.01168116282868789
education_university.degree,0.006826538829390755
poutcome_success,0.006823814956256886
poutcome_nonexistent,0.006172890844527923
log_previous_contacts,0.005543587056004209
contact_telephone,0.004059470478256137
contact_cellular,0.0036579633083895493
day_of_week_mon,0.003610321091079075
education_basic.4y,0.0030333875395972517
education_high.school,0.0026928171550680653
marital_single,0.002669278546323371
job_blue-collar,0.002481943735581727
job_management,0.002414343713741173
poutcome_failure,0.002266743497022173
education_professional.course,0.0021827359983943194
day_of_week_wed,0.0021206063714531895
job_technician,0.0018841894016691407
month_aug,0.0016131386775463212
marital_married,0.0015115229234782528
job_admin.,0.0014320564228769525
day_of_week_fri,0.0013555439348856711
housing_yes,0.0013067672346926294
month_may,0.0010375711944006776
marital_divorced,0.0010321415424814262
day_of_week_tue,0.0008849523102470524
job_retired,0.0008297803635465117
loan_yes,0.0008038249132864217
education_basic.9y,0.0004517303869540248
housing_no,0.00016157017291158591
days_since_previous_contact,0.00015075527309490425
month_jun,0.00012503137070386865
day_of_week_thu,5.299121821720503e-05
default_unknown,1.1501712132254557e-16
job_housemaid,0.0
emp.var.rate,0.0
job_entrepreneur,0.0
job_services,0.0
job_unemployed,0.0
job_unknown,0.0
education_illiterate,0.0
education_basic.6y,0.0
marital_unknown,0.0
job_self-employed,0.0
job_student,0.0
education_unknown,0.0
default_yes,0.0
housing_unknown,0.0
month_apr,0.0
loan_unknown,0.0
loan_no,0.0
month_sep,0.0
month_dec,0.0
month_nov,0.0
month_jul,0.0
month_mar,0.0
